class_id,class_name,total,noise_score,corrupted,grayscale,small,low_contrast,near_blank,color_outlier,color_var
n03691459,loudspeaker,1300,8.4,0,15,0,0,0,4,0.0526
n02708093,analog clock,1292,8.0,0,13,1,0,0,3,0.0595
n03297495,espresso maker,1136,7.8,0,14,1,0,0,2,0.0559
n03759954,microphone,1300,7.8,0,12,0,0,0,5,0.0669
n04270147,spatula,1300,7.8,0,7,1,1,0,5,0.0667
n04127249,safety pin,1259,7.2,0,7,1,1,0,4,0.0605
n06785654,crossword puzzle,1300,7.2,0,12,0,0,0,4,0.0408
n01930112,nematode,1300,6.6,0,11,0,1,0,2,0.0941
n04040759,radiator,1253,6.6,0,12,0,0,0,3,0.0423
n02110627,affenpinscher,954,6.4,0,9,1,0,0,3,0.0375
n03532672,hook,1300,6.4,0,10,0,0,0,4,0.0694
n04041544,radio,1300,6.4,0,10,0,0,0,4,0.0622
n04141076,sax,1300,6.4,0,13,0,0,0,2,0.0597
n04228054,ski,1300,6.4,0,5,2,0,0,4,0.0565
n03041632,cleaver,1067,6.2,0,7,1,0,0,4,0.0653
n03492542,hard disc,1300,6.2,0,11,0,0,0,3,0.0571
n04238763,slide rule,1162,6.2,0,6,2,0,0,3,0.0518
n03777754,modem,1149,5.8,0,9,1,0,0,2,0.063
n04485082,tripod,1160,5.8,0,10,0,0,0,3,0.047
n02672831,accordion,1300,5.6,0,8,0,0,0,4,0.0478
n02999410,chain,1300,5.6,0,8,0,0,0,4,0.0562
n03075370,combination lock,1216,5.6,0,11,0,0,0,2,0.0705
n03109150,corkscrew,1300,5.6,0,11,0,0,0,2,0.084
n04265275,space heater,1004,5.6,0,8,0,0,0,4,0.0538
n04355933,sunglass,1300,5.6,0,8,0,0,0,4,0.0568
n04553703,washbasin,1300,5.6,0,7,0,1,0,3,0.0463
n02096585,Boston bull,1300,5.4,0,9,0,0,0,3,0.0327
n02111277,Newfoundland,1300,5.4,0,9,0,0,0,3,0.0407
n02749479,assault rifle,1300,5.4,0,9,0,0,0,3,0.0577
n02795169,barrel,1300,5.4,0,6,0,0,0,5,0.0426
n03180011,desktop computer,1300,5.4,0,9,0,0,0,3,0.0558
n03476991,hair spray,980,5.4,0,3,3,0,0,2,0.0425
n03498962,hatchet,891,5.4,0,4,2,0,0,3,0.0508
n04482393,tricycle,1300,5.4,0,6,0,0,0,5,0.0354
n02916936,bulletproof vest,1176,5.2,0,10,0,0,0,2,0.0629
n03085013,computer keyboard,1300,5.2,0,10,0,0,0,2,0.0426
n03424325,gasmask,1300,5.2,0,7,0,0,0,4,0.0573
n03452741,grand piano,1300,5.2,0,7,0,0,0,4,0.0457
n03602883,joystick,1300,5.2,0,7,0,0,0,4,0.0548
n04005630,prison,1300,5.2,0,6,0,1,0,3,0.0348
n04009552,projector,1300,5.2,0,7,0,0,0,4,0.047
n04023962,punching bag,1247,5.2,0,3,1,0,0,5,0.0438
n04505470,typewriter keyboard,1300,5.2,0,10,0,0,0,2,0.0516
n04536866,violin,1300,5.2,0,7,0,0,0,4,0.0485
n01855032,red-breasted merganser,1141,5.0,0,4,1,0,0,4,0.0538
n02085782,Japanese spaniel,772,5.0,0,4,1,0,0,4,0.0398
n03494278,harmonica,1300,5.0,0,4,1,0,0,4,0.0559
n04311004,steel arch bridge,1153,5.0,0,8,0,0,0,3,0.0388
n04317175,stethoscope,1300,5.0,0,5,0,0,0,5,0.0622
n01873310,platypus,1272,4.8,0,0,2,1,0,3,0.05
n02979186,cassette player,1300,4.8,0,6,0,0,0,4,0.0546
n03196217,digital clock,1300,4.8,0,6,0,0,0,4,0.0796
n03623198,knee pad,1300,4.8,0,9,0,0,0,2,0.0595
n03657121,lens cap,1300,4.8,0,6,0,0,0,4,0.0527
n04118776,rule,1300,4.8,0,6,0,0,0,4,0.0624
n04162706,seat belt,1300,4.8,0,6,0,0,0,4,0.0361
n04286575,spotlight,1300,4.8,0,9,0,0,0,2,0.0766
n04370456,sweatshirt,931,4.8,0,6,0,0,0,4,0.0542
n04404412,television,1300,4.8,0,6,0,0,0,4,0.0487
n04517823,vacuum,1300,4.8,0,6,0,0,0,4,0.0471
n07565083,menu,1300,4.8,0,6,0,0,0,4,0.0546
n02095314,wire-haired fox terrier,977,4.6,0,2,2,0,0,3,0.0358
n02879718,bow,1300,4.6,0,3,1,0,0,4,0.0568
n02951585,can opener,1300,4.6,0,7,0,0,0,3,0.0675
n02992529,cellular telephone,1300,4.6,0,7,0,0,0,3,0.0482
n03888257,parachute,1300,4.6,0,1,0,3,0,2,0.0816
n04153751,screw,1300,4.6,0,7,0,0,0,3,0.0571
n04376876,syringe,1300,4.6,0,7,0,0,0,3,0.0563
n04589890,window screen,1300,4.6,0,7,0,0,0,3,0.0398
n02687172,aircraft carrier,1300,4.4,0,5,0,0,0,4,0.0419
n02790996,barbell,1300,4.4,0,5,0,0,0,4,0.0493
n02974003,car wheel,1300,4.4,0,8,0,0,0,2,0.0296
n03141823,crutch,1300,4.4,0,5,0,0,0,4,0.0343
n03187595,dial telephone,1300,4.4,0,5,0,0,0,4,0.0503
n03255030,dumbbell,1300,4.4,0,5,0,0,0,4,0.0585
n03459775,grille,1300,4.4,0,5,0,0,0,4,0.0326
n03544143,hourglass,1300,4.4,0,5,0,0,0,4,0.0653
n03658185,letter opener,986,4.4,0,4,0,1,0,3,0.0631
n03692522,loupe,1300,4.4,0,8,0,0,0,2,0.0701
n03804744,nail,1300,4.4,0,5,0,0,0,4,0.0539
n03838899,oboe,1300,4.4,0,4,1,0,0,3,0.0502
n03843555,oil filter,1120,4.4,0,4,1,0,0,3,0.0599
n03868863,oxygen mask,1300,4.4,0,2,0,0,0,6,0.0526
n03891251,park bench,1300,4.4,0,5,0,0,0,4,0.0371
n03924679,photocopier,1300,4.4,0,5,0,0,0,4,0.0439
n04069434,reflex camera,1300,4.4,0,8,0,0,0,2,0.0459
n04086273,revolver,1300,4.4,0,4,1,0,0,3,0.0537
n04090263,rifle,1300,4.4,0,5,0,0,0,4,0.0508
n04208210,shovel,1300,4.4,0,5,0,0,0,4,0.0477
n04418357,theater curtain,1264,4.4,0,3,1,1,0,2,0.0668
n04562935,water tower,1300,4.4,0,8,0,0,0,2,0.0525
n07932039,eggnog,1193,4.4,0,1,1,0,0,5,0.0491
n02099267,flat-coated retriever,1300,4.2,0,6,0,0,0,3,0.0383
n02437616,llama,1300,4.2,0,3,0,0,0,5,0.0356
n02480855,gorilla,1300,4.2,0,3,0,0,0,5,0.0279
n02950826,cannon,1300,4.2,0,3,0,0,0,5,0.0302
n02988304,CD player,1300,4.2,0,6,0,0,0,3,0.0545
n03110669,cornet,1300,4.2,0,6,0,0,0,3,0.0522
n03126707,crane,1300,4.2,0,3,0,0,0,5,0.0498
n03146219,cuirass,1300,4.2,0,2,1,0,0,4,0.0415
n03197337,digital watch,889,4.2,0,9,0,0,0,1,0.059
n03388183,fountain pen,1300,4.2,0,6,0,0,0,3,0.0541
n03495258,harp,1300,4.2,0,6,0,0,0,3,0.0489
n03895866,passenger car,1300,4.2,0,6,0,0,0,3,0.0318
n04141327,scabbard,1300,4.2,0,3,0,0,0,5,0.0684
n04154565,screwdriver,1300,4.2,0,6,0,0,0,3,0.0694
n04532670,viaduct,1300,4.2,0,6,0,0,0,3,0.036
n01770081,harvestman,1300,4.0,0,2,0,2,0,2,0.0536
n01773549,barn spider,1300,4.0,0,4,0,0,0,4,0.0657
n02097298,Scotch terrier,1300,4.0,0,4,0,0,0,4,0.0327
n02667093,abaya,1300,4.0,0,7,0,0,0,2,0.0582
n02892201,brass,1300,4.0,0,7,0,0,0,2,0.039
n03017168,chime,1300,4.0,0,4,0,0,0,4,0.0545
n03271574,electric fan,1300,4.0,0,4,0,0,0,4,0.0456
n03376595,folding chair,1300,4.0,0,4,0,0,0,4,0.0461
n03467068,guillotine,1283,4.0,0,4,0,0,0,4,0.0535
n03595614,jersey,1285,4.0,0,4,0,0,0,4,0.0491
n03633091,ladle,1300,4.0,0,7,0,0,0,2,0.0518
n03666591,lighter,1300,4.0,0,4,0,0,0,4,0.0656
n03793489,mouse,1300,4.0,0,4,0,0,0,4,0.0456
n03794056,mousetrap,1300,4.0,0,4,0,0,0,4,0.0583
n03814906,necklace,1300,4.0,0,3,0,1,0,3,0.0652
n03903868,pedestal,1156,4.0,0,4,0,0,0,4,0.0486
n04179913,sewing machine,1300,4.0,0,4,0,0,0,4,0.0393
n04328186,stopwatch,1084,4.0,0,4,0,0,0,4,0.0586
n04392985,tape player,1300,4.0,0,4,0,0,0,4,0.0493
n09472597,volcano,1300,4.0,0,1,0,0,0,6,0.0475
n01491361,tiger shark,1300,3.8,0,4,0,1,0,2,0.0607
n01784675,centipede,1300,3.8,0,1,0,1,0,4,0.0465
n02106382,Bouvier des Flandres,1300,3.8,0,5,0,0,0,3,0.0313
n02396427,wild boar,1300,3.8,0,2,0,0,0,5,0.0335
n03000247,chain mail,1300,3.8,0,4,1,0,0,2,0.0371
n03062245,cocktail shaker,1154,3.8,0,5,0,0,0,3,0.0651
n03065424,coil,1300,3.8,0,5,0,0,0,3,0.0454
n03207941,dishwasher,1300,3.8,0,5,0,0,0,3,0.0375
n03786901,mortar,1300,3.8,0,5,0,0,0,3,0.0516
n03908714,pencil sharpener,1300,3.8,0,5,0,0,0,3,0.066
n03929855,pickelhaube,1300,3.8,0,5,0,0,0,3,0.048
n03942813,ping-pong ball,1282,3.8,0,1,1,0,0,4,0.0433
n04372370,switch,1300,3.8,0,5,0,0,0,3,0.0648
n04423845,thimble,1300,3.8,0,2,0,0,0,5,0.0528
n04515003,upright,1300,3.8,0,5,0,0,0,3,0.0446
n02109961,Eskimo dog,1300,3.6,0,3,0,0,0,4,0.0365
n02481823,chimpanzee,1300,3.6,0,3,0,0,0,4,0.0307
n02782093,balloon,1300,3.6,0,0,0,0,0,6,0.0526
n02787622,banjo,1300,3.6,0,6,0,0,0,2,0.0466
n02791124,barber chair,1300,3.6,0,3,0,0,0,4,0.0421
n02837789,bikini,1300,3.6,0,6,0,0,0,2,0.0457
n02909870,bucket,1300,3.6,0,3,0,0,0,4,0.0418
n02910353,buckle,1300,3.6,0,6,0,0,0,2,0.0639
n02978881,cassette,1186,3.6,0,3,0,0,0,4,0.0549
n03400231,frying pan,1222,3.6,0,2,1,0,0,3,0.0479
n03709823,mailbag,1300,3.6,0,3,0,0,0,4,0.0469
n03733805,measuring cup,1300,3.6,0,2,0,1,0,3,0.0541
n03791053,motor scooter,1300,3.6,0,3,0,0,0,4,0.0339
n03814639,neck brace,1180,3.6,0,3,0,0,0,4,0.0426
n03950228,pitcher,1300,3.6,0,3,0,0,0,4,0.0517
n03976467,Polaroid camera,1300,3.6,0,6,0,0,0,2,0.0473
n04239074,sliding door,1300,3.6,0,3,0,0,0,4,0.0385
n04542943,waffle iron,1137,3.6,0,3,0,0,0,4,0.0478
n01775062,wolf spider,1300,3.4,0,1,0,0,0,5,0.0393
n02058221,albatross,1300,3.4,0,4,0,0,0,3,0.0619
n02092339,Weimaraner,1300,3.4,0,4,0,0,0,3,0.0368
n02134084,ice bear,1300,3.4,0,0,1,0,0,4,0.0428
n02137549,mongoose,1300,3.4,0,0,0,1,0,4,0.0328
n02442845,mink,1300,3.4,0,3,0,1,0,2,0.0288
n02692877,airship,1300,3.4,0,4,0,0,0,3,0.0587
n02791270,barbershop,1300,3.4,0,7,0,0,0,1,0.0285
n03016953,chiffonier,1300,3.4,0,3,1,0,0,2,0.043
n03337140,file,1300,3.4,0,4,0,0,0,3,0.0455
n03347037,fire screen,1300,3.4,0,4,0,0,0,3,0.0408
n03394916,French horn,1300,3.4,0,4,0,0,0,3,0.0447
n03481172,hammer,1300,3.4,0,7,0,0,0,1,0.0508
n03637318,lampshade,1300,3.4,0,4,0,0,0,3,0.063
n03642806,laptop,1300,3.4,0,4,0,0,0,3,0.0448
n03670208,limousine,1300,3.4,0,4,0,0,0,3,0.0467
n03721384,marimba,1300,3.4,0,4,0,0,0,3,0.042
n03841143,odometer,1300,3.4,0,4,0,0,0,3,0.0386
n03874599,padlock,1300,3.4,0,4,0,0,0,3,0.0408
n03887697,paper towel,1300,3.4,0,4,0,0,0,3,0.0462
n03956157,planetarium,1270,3.4,0,4,0,0,0,3,0.0408
n03992509,potter's wheel,1300,3.4,0,1,0,0,0,5,0.0374
n04004767,printer,1300,3.4,0,4,0,0,0,3,0.0485
n04067472,reel,1300,3.4,0,4,0,0,0,3,0.0526
n04141975,scale,1300,3.4,0,4,0,0,0,3,0.0591
n04252225,snowplow,1300,3.4,0,4,0,0,0,3,0.0383
n04389033,tank,1300,3.4,0,4,0,0,0,3,0.0364
n04487394,trombone,1300,3.4,0,7,0,0,0,1,0.0494
n04557648,water bottle,1300,3.4,0,4,0,0,0,3,0.0521
n04560804,water jug,1300,3.4,0,4,0,0,0,3,0.0415
n06359193,web site,1300,3.4,0,7,0,0,0,1,0.0602
n01484850,great white shark,1300,3.2,0,2,0,0,0,4,0.0559
n01698640,American alligator,1300,3.2,0,1,0,1,0,3,0.0376
n01751748,sea snake,1300,3.2,0,1,0,1,0,3,0.0544
n01774384,black widow,1300,3.2,0,4,0,1,0,1,0.0573
n01776313,tick,1300,3.2,0,2,0,0,0,4,0.0613
n01796340,ptarmigan,1300,3.2,0,2,0,0,0,4,0.0443
n01990800,isopod,1300,3.2,0,2,0,0,0,4,0.0571
n02088094,Afghan hound,1300,3.2,0,2,0,0,0,4,0.0374
n02110185,Siberian husky,1300,3.2,0,2,0,0,0,4,0.0364
n02231487,walking stick,1300,3.2,0,2,0,0,0,4,0.0533
n02319095,sea urchin,1300,3.2,0,1,0,1,0,3,0.0357
n02356798,fox squirrel,1206,3.2,0,0,2,0,0,2,0.0356
n02690373,airliner,1300,3.2,0,2,0,0,0,4,0.0541
n02747177,ashcan,1300,3.2,0,5,0,0,0,2,0.0393
n02939185,caldron,1300,3.2,0,5,0,0,0,2,0.0433
n03028079,church,1300,3.2,0,2,0,0,0,4,0.0377
n03125729,cradle,1300,3.2,0,2,0,0,0,4,0.0454
n03249569,drum,1300,3.2,0,2,0,0,0,4,0.0483
n03445777,golf ball,1300,3.2,0,2,0,0,0,4,0.0524
n03584254,iPod,1300,3.2,0,2,0,0,0,4,0.0548
n03584829,iron,1300,3.2,0,2,0,0,0,4,0.0572
n03676483,lipstick,1300,3.2,0,1,0,1,0,3,0.0571
n03724870,mask,1300,3.2,0,2,0,0,0,4,0.0458
n03770439,miniskirt,1300,3.2,0,2,0,0,0,4,0.0407
n03832673,notebook,1300,3.2,0,5,0,0,0,2,0.0476
n03874293,paddlewheel,1300,3.2,0,1,1,0,0,3,0.0369
n03961711,plate rack,1053,3.2,0,2,0,0,0,4,0.0467
n04033901,quill,1300,3.2,0,2,0,0,0,4,0.0635
n04044716,radio telescope,1300,3.2,0,5,0,0,0,2,0.0393
n04099969,rocking chair,1300,3.2,0,2,0,0,0,4,0.048
n04254680,soccer ball,1300,3.2,0,2,0,0,0,4,0.0418
n04275548,spider web,1300,3.2,0,5,0,0,0,2,0.0423
n04346328,stupa,1300,3.2,0,2,0,0,0,4,0.0453
n04350905,suit,1300,3.2,0,5,0,0,0,2,0.0428
n04357314,sunscreen,1217,3.2,0,1,1,0,0,3,0.0548
n04429376,throne,976,3.2,0,1,1,0,0,3,0.0444
n04525038,velvet,1062,3.2,0,0,1,1,0,2,0.0526
n01608432,kite,1300,3.0,0,5,0,1,0,0,0.1039
n01728920,ringneck snake,1300,3.0,0,3,0,0,0,3,0.0335
n01773157,black and gold garden spider,1300,3.0,0,2,0,1,0,2,0.0477
n02097047,miniature schnauzer,1300,3.0,0,3,0,0,0,3,0.0342
n02104029,kuvasz,1300,3.0,0,3,0,0,0,3,0.0365
n02105251,briard,1300,3.0,0,3,0,0,0,3,0.0298
n02108089,boxer,1300,3.0,0,3,0,0,0,3,0.043
n02108422,bull mastiff,1300,3.0,0,0,0,0,0,5,0.0332
n02110341,dalmatian,1300,3.0,0,3,0,0,0,3,0.0366
n02110958,pug,1300,3.0,0,3,0,0,0,3,0.0371
n02111889,Samoyed,1300,3.0,0,3,0,0,0,3,0.037
n02134418,sloth bear,1300,3.0,0,2,1,0,0,2,0.0283
n02206856,bee,1300,3.0,0,0,0,0,0,5,0.0438
n02793495,barn,1300,3.0,0,6,0,0,0,1,0.0369
n02794156,barometer,1199,3.0,0,3,0,0,0,3,0.0506
n02895154,breastplate,1300,3.0,0,3,0,0,0,3,0.0452
n03000134,chainlink fence,1300,3.0,0,3,0,0,0,3,0.0373
n03250847,drumstick,1300,3.0,0,3,0,0,0,3,0.059
n03478589,half track,1300,3.0,0,6,0,0,0,1,0.0357
n03483316,hand blower,1300,3.0,0,3,0,0,0,3,0.0564
n03527444,holster,1300,3.0,0,3,0,0,0,3,0.0478
n03706229,magnetic compass,1155,3.0,0,3,0,0,0,3,0.0612
n03761084,microwave,1300,3.0,0,3,0,0,0,3,0.0346
n04201297,shoji,1249,3.0,0,3,0,0,0,3,0.0356
n04229816,ski mask,1300,3.0,0,3,0,0,0,3,0.0456
n04311174,steel drum,1300,3.0,0,3,0,0,0,3,0.0366
n04347754,submarine,1300,3.0,0,6,0,0,0,1,0.0449
n04356056,sunglasses,1300,3.0,0,3,0,0,0,3,0.0517
n04398044,teapot,1300,3.0,0,3,0,0,0,3,0.0464
n04479046,trench coat,1053,3.0,0,3,0,0,0,3,0.0444
n04501370,turnstile,1300,3.0,0,3,0,0,0,3,0.0354
n04532106,vestment,1300,3.0,0,3,0,0,0,3,0.0391
n04552348,warplane,1300,3.0,0,3,0,0,0,3,0.0622
n04554684,washer,1300,3.0,0,3,0,0,0,3,0.0391
n04590129,window shade,1300,3.0,0,3,0,0,0,3,0.04
n04591157,Windsor tie,1213,3.0,0,3,0,0,0,3,0.0564
n09246464,cliff,1300,3.0,0,3,0,0,0,3,0.0342
n01496331,electric ray,1300,2.8,0,1,0,0,0,4,0.0525
n01534433,junco,1300,2.8,0,1,0,0,0,4,0.0482
n01622779,great grey owl,1300,2.8,0,1,0,0,0,4,0.0417
n01641577,bullfrog,1300,2.8,0,0,0,1,0,3,0.038
n01665541,leatherback turtle,1300,2.8,0,1,0,0,0,4,0.044
n01737021,water snake,1300,2.8,0,0,0,1,0,3,0.0427
n01768244,trilobite,1300,2.8,0,4,0,0,0,2,0.0379
n01910747,jellyfish,1300,2.8,0,0,0,1,0,3,0.0748
n02009229,little blue heron,1300,2.8,0,1,0,0,0,4,0.0435
n02028035,redshank,1300,2.8,0,1,0,0,0,4,0.0557
n02086910,papillon,1300,2.8,0,0,1,0,0,3,0.0347
n02094114,Norfolk terrier,1300,2.8,0,0,1,0,0,3,0.0388
n02104365,schipperke,1300,2.8,0,4,0,0,0,2,0.0385
n02105056,groenendael,1300,2.8,0,3,1,0,0,1,0.0351
n02113624,toy poodle,1300,2.8,0,1,0,0,0,4,0.0349
n02120505,grey fox,1300,2.8,0,1,0,0,0,4,0.0386
n02123597,Siamese cat,1300,2.8,0,1,0,0,0,4,0.0384
n02174001,rhinoceros beetle,1300,2.8,0,1,0,0,0,4,0.0359
n02190166,fly,1300,2.8,0,1,0,0,0,4,0.0521
n02363005,beaver,1300,2.8,0,1,0,0,0,4,0.0382
n02391049,zebra,1300,2.8,0,1,0,0,0,4,0.0325
n02786058,Band Aid,1300,2.8,0,1,0,0,0,4,0.0526
n02808440,bathtub,1300,2.8,0,4,0,0,0,2,0.0371
n02841315,binoculars,1300,2.8,0,4,0,0,0,2,0.0506
n02966687,carpenter's kit,1300,2.8,0,1,0,0,0,4,0.0586
n03063689,coffeepot,1300,2.8,0,4,0,0,0,2,0.0444
n03124043,cowboy boot,1300,2.8,0,1,0,0,0,4,0.0451
n03447721,gong,1282,2.8,0,0,1,0,0,3,0.0544
n03485794,handkerchief,1300,2.8,0,1,0,0,0,4,0.0426
n03742115,medicine chest,1300,2.8,0,1,0,0,0,4,0.036
n03763968,military uniform,1300,2.8,0,4,0,0,0,2,0.0376
n03782006,monitor,1300,2.8,0,4,0,0,0,2,0.0489
n03788365,mosquito net,1300,2.8,0,4,0,0,0,2,0.0394
n03876231,paintbrush,1300,2.8,0,1,0,0,0,4,0.0511
n03920288,Petri dish,962,2.8,0,4,0,0,0,2,0.0528
n03935335,piggy bank,1300,2.8,0,1,0,0,0,4,0.0493
n04070727,refrigerator,1300,2.8,0,4,0,0,0,2,0.0351
n04131690,saltshaker,1300,2.8,0,4,0,0,0,2,0.045
n04264628,space bar,1045,2.8,0,4,0,0,0,2,0.0448
n04344873,studio couch,1300,2.8,0,1,0,0,0,4,0.0387
n04507155,umbrella,1300,2.8,0,1,0,0,0,4,0.0477
n04548280,wall clock,1299,2.8,0,4,0,0,0,2,0.0492
n07802026,hay,1300,2.8,0,4,0,0,0,2,0.0375
n07892512,red wine,1300,2.8,0,1,0,0,0,4,0.0563
n09835506,ballplayer,1300,2.8,0,1,0,0,0,4,0.0406
n01494475,hammerhead,1300,2.6,0,1,0,1,0,2,0.0717
n01498041,stingray,1300,2.6,0,2,0,0,0,3,0.054
n01704323,triceratops,1266,2.6,0,2,0,0,0,3,0.0442
n01734418,king snake,1300,2.6,0,2,0,0,0,3,0.0345
n01740131,night snake,1300,2.6,0,2,0,0,0,3,0.0442
n01798484,prairie chicken,1300,2.6,0,1,0,1,0,2,0.0456
n02009912,American egret,1300,2.6,0,1,0,1,0,2,0.0633
n02085936,Maltese dog,1300,2.6,0,2,0,0,0,3,0.0399
n02086646,Blenheim spaniel,1300,2.6,0,2,0,0,0,3,0.0333
n02088466,bloodhound,1300,2.6,0,2,0,0,0,3,0.0399
n02089078,black-and-tan coonhound,732,2.6,0,1,1,0,0,2,0.0343
n02093647,Bedlington terrier,1258,2.6,0,2,0,0,0,3,0.0393
n02097130,giant schnauzer,1300,2.6,0,2,0,0,0,3,0.0334
n02099601,golden retriever,1300,2.6,0,1,1,0,0,2,0.0331
n02105855,Shetland sheepdog,1300,2.6,0,2,0,0,0,3,0.0317
n02109525,Saint Bernard,1300,2.6,0,2,0,0,0,3,0.0441
n02328150,Angora,1300,2.6,0,2,0,0,0,3,0.0362
n02488291,langur,1300,2.6,0,2,0,0,0,3,0.0311
n02493793,spider monkey,1300,2.6,0,1,1,0,0,2,0.0368
n02504458,African elephant,1300,2.6,0,1,1,0,0,2,0.0317
n02666196,abacus,1300,2.6,0,2,0,0,0,3,0.0424
n02799071,baseball,1300,2.6,0,2,0,0,0,3,0.0543
n02815834,beaker,1300,2.6,0,2,0,0,0,3,0.059
n02817516,bearskin,1209,2.6,0,2,0,0,0,3,0.0379
n02906734,broom,1300,2.6,0,2,0,0,0,3,0.0472
n02980441,castle,1300,2.6,0,2,0,0,0,3,0.0447
n02992211,cello,1300,2.6,0,2,0,0,0,3,0.0506
n03188531,diaper,1300,2.6,0,2,0,0,0,3,0.0451
n03535780,horizontal bar,1300,2.6,0,2,0,0,0,3,0.0556
n03630383,lab coat,1300,2.6,0,2,0,0,0,3,0.0429
n03673027,liner,1300,2.6,0,2,0,0,0,3,0.0424
n03680355,Loafer,1137,2.6,0,2,0,0,0,3,0.0454
n03729826,matchstick,1300,2.6,0,2,0,0,0,3,0.0734
n03764736,milk can,1097,2.6,0,1,1,0,0,2,0.0382
n03916031,perfume,1300,2.6,0,2,0,0,0,3,0.06
n03976657,pole,1300,2.6,0,2,0,0,0,3,0.0545
n03982430,pool table,1300,2.6,0,2,0,0,0,3,0.0602
n04120489,running shoe,1300,2.6,0,2,0,0,0,3,0.0401
n04149813,scoreboard,1300,2.6,0,2,0,0,0,3,0.0442
n04209239,shower curtain,1300,2.6,0,2,0,0,0,3,0.0352
n04254120,soap dispenser,1300,2.6,0,2,0,0,0,3,0.0569
n04266014,space shuttle,1238,2.6,0,1,1,0,0,2,0.0582
n04409515,tennis ball,1300,2.6,0,1,0,1,0,2,0.0561
n09229709,bubble,1300,2.6,0,2,0,0,0,3,0.0458
n09288635,geyser,1300,2.6,0,2,0,0,0,3,0.0309
n12144580,corn,1300,2.6,0,2,0,0,0,3,0.0431
n01440764,tench,1300,2.4,0,0,0,0,0,4,0.0354
n01514859,hen,1300,2.4,0,0,0,0,0,4,0.0305
n01537544,indigo bunting,1300,2.4,0,0,0,0,0,4,0.0452
n01614925,bald eagle,1300,2.4,0,3,0,0,0,2,0.0726
n01632777,axolotl,1300,2.4,0,0,0,0,0,4,0.0415
n01664065,loggerhead,1300,2.4,0,0,0,0,0,4,0.0537
n01694178,African chameleon,1300,2.4,0,0,0,0,0,4,0.0378
n01729977,green snake,1300,2.4,0,0,0,0,0,4,0.0418
n01755581,diamondback,1300,2.4,0,3,0,0,0,2,0.0313
n01806143,peacock,1300,2.4,0,0,0,0,0,4,0.0311
n01843065,jacamar,1300,2.4,0,0,0,0,0,4,0.035
n01950731,sea slug,1300,2.4,0,0,0,0,0,4,0.0334
n02002724,black stork,1300,2.4,0,0,0,0,0,4,0.0626
n02018207,American coot,1300,2.4,0,3,0,0,0,2,0.0436
n02051845,pelican,1300,2.4,0,0,0,0,0,4,0.0491
n02086240,Shih-Tzu,1300,2.4,0,3,0,0,0,2,0.033
n02089867,Walker hound,1025,2.4,0,0,0,0,0,4,0.0353
n02089973,English foxhound,754,2.4,0,0,0,0,0,4,0.0324
n02091134,whippet,1300,2.4,0,3,0,0,0,2,0.0398
n02107142,Doberman,1300,2.4,0,0,0,0,0,4,0.0403
n02113799,standard poodle,1300,2.4,0,3,0,0,0,2,0.037
n02119789,kit fox,1300,2.4,0,0,0,0,0,4,0.0314
n02120079,Arctic fox,1300,2.4,0,3,0,0,0,2,0.0386
n02123045,tabby,1300,2.4,0,0,0,0,0,4,0.0401
n02128757,snow leopard,1300,2.4,0,3,0,0,0,2,0.0268
n02422106,hartebeest,1300,2.4,0,0,0,0,0,4,0.0381
n02437312,Arabian camel,1300,2.4,0,0,0,0,0,4,0.0402
n02445715,skunk,1300,2.4,0,3,0,0,0,2,0.0337
n02483708,siamang,1300,2.4,0,3,0,0,0,2,0.0361
n02488702,colobus,1300,2.4,0,3,0,0,0,2,0.0259
n02640242,sturgeon,1300,2.4,0,3,0,0,0,2,0.0343
n02655020,puffer,1300,2.4,0,0,0,0,0,4,0.0448
n02769748,backpack,1300,2.4,0,3,0,0,0,2,0.0492
n02777292,balance beam,1300,2.4,0,0,0,0,0,4,0.047
n02927161,butcher shop,1300,2.4,0,0,0,0,0,4,0.0267
n02930766,cab,1300,2.4,0,0,0,0,0,4,0.0334
n02965783,car mirror,1300,2.4,0,3,0,0,0,2,0.0375
n03045698,cloak,1029,2.4,0,2,0,1,0,1,0.0407
n03047690,clog,1300,2.4,0,0,0,0,0,4,0.0431
n03220513,dome,1300,2.4,0,3,0,0,0,2,0.0408
n03290653,entertainment center,1300,2.4,0,0,0,0,0,4,0.0355
n03372029,flute,1300,2.4,0,3,0,0,0,2,0.0512
n03388043,fountain,1300,2.4,0,3,0,0,0,2,0.0421
n03482405,hamper,1300,2.4,0,0,0,0,0,4,0.0468
n03485407,hand-held computer,1034,2.4,0,1,2,0,0,0,0.0537
n03627232,knot,1300,2.4,0,3,0,0,0,2,0.0574
n03710721,maillot,1300,2.4,0,3,0,0,0,2,0.0457
n03776460,mobile home,1300,2.4,0,3,0,0,0,2,0.0345
n03777568,Model T,1300,2.4,0,3,0,0,0,2,0.0307
n03792972,mountain tent,1300,2.4,0,0,0,0,0,4,0.041
n03857828,oscilloscope,1300,2.4,0,0,0,0,0,4,0.045
n03908618,pencil box,1300,2.4,0,0,0,0,0,4,0.0498
n03958227,plastic bag,1069,2.4,0,3,0,0,0,2,0.0403
n03998194,prayer rug,1300,2.4,0,0,0,0,0,4,0.0383
n04019541,puck,1300,2.4,0,3,0,0,0,2,0.0513
n04039381,racket,1300,2.4,0,3,0,0,0,2,0.0491
n04074963,remote control,1300,2.4,0,3,0,0,0,2,0.052
n04125021,safe,1029,2.4,0,3,0,0,0,2,0.0461
n04332243,strainer,1300,2.4,0,3,0,0,0,2,0.0389
n04380533,table lamp,1300,2.4,0,3,0,0,0,2,0.0538
n04447861,toilet seat,1300,2.4,0,3,0,0,0,2,0.0395
n04476259,tray,1300,2.4,0,3,0,0,0,2,0.0441
n04493381,tub,1300,2.4,0,3,0,0,0,2,0.0353
n07613480,trifle,1300,2.4,0,0,0,0,0,4,0.0369
n07716358,zucchini,1300,2.4,0,0,0,0,0,4,0.0291
n07718472,cucumber,1300,2.4,0,0,0,0,0,4,0.0399
n07720875,bell pepper,1300,2.4,0,0,0,0,0,4,0.0466
n07742313,Granny Smith,1300,2.4,0,0,0,0,0,4,0.0526
n07754684,jackfruit,1300,2.4,0,0,0,0,0,4,0.029
n07930864,cup,1300,2.4,0,3,0,0,0,2,0.056
n12768682,buckeye,1300,2.4,0,0,0,0,0,4,0.0386
n01675722,banded gecko,1300,2.2,0,0,1,0,0,2,0.0518
n01685808,whiptail,1300,2.2,0,0,0,1,0,2,0.0342
n01687978,agama,1300,2.2,0,1,0,0,0,3,0.0391
n01688243,frilled lizard,1117,2.2,0,0,1,0,0,2,0.0354
n01689811,alligator lizard,1300,2.2,0,1,0,0,0,3,0.0345
n01748264,Indian cobra,1300,2.2,0,1,0,0,0,3,0.042
n01828970,bee eater,1300,2.2,0,1,0,0,0,3,0.0671
n01833805,hummingbird,1300,2.2,0,1,0,0,0,3,0.0632
n01855672,goose,1300,2.2,0,1,0,0,0,3,0.0405
n01871265,tusker,1300,2.2,0,1,0,0,0,3,0.0302
n01945685,slug,1300,2.2,0,1,0,0,0,3,0.0371
n01968897,chambered nautilus,1300,2.2,0,1,0,0,0,3,0.0599
n02006656,spoonbill,1300,2.2,0,1,0,0,0,3,0.0625
n02012849,crane,1300,2.2,0,1,0,0,0,3,0.0442
n02013706,limpkin,1300,2.2,0,0,1,0,0,2,0.039
n02066245,grey whale,1150,2.2,0,1,0,0,0,3,0.0487
n02077923,sea lion,1300,2.2,0,1,0,0,0,3,0.0366
n02090721,Irish wolfhound,1300,2.2,0,1,0,0,0,3,0.0349
n02098286,West Highland white terrier,1300,2.2,0,1,0,0,0,3,0.0374
n02099429,curly-coated retriever,1218,2.2,0,4,0,0,0,1,0.0363
n02100236,German short-haired pointer,1300,2.2,0,1,0,0,0,3,0.0361
n02101006,Gordon setter,1300,2.2,0,1,0,0,0,3,0.0349
n02101388,Brittany spaniel,1300,2.2,0,1,0,0,0,3,0.0371
n02102318,cocker spaniel,1300,2.2,0,1,0,0,0,3,0.0345
n02106662,German shepherd,1300,2.2,0,1,0,0,0,3,0.0359
n02108915,French bulldog,1300,2.2,0,4,0,0,0,1,0.0382
n02110063,malamute,1300,2.2,0,1,0,0,0,3,0.0322
n02112706,Brabancon griffon,1070,2.2,0,1,0,0,0,3,0.0368
n02172182,dung beetle,1300,2.2,0,1,0,0,0,3,0.0349
n02236044,mantis,1300,2.2,0,1,0,0,0,3,0.0476
n02325366,wood rabbit,1300,2.2,0,1,0,0,0,3,0.0357
n02403003,ox,1300,2.2,0,1,0,0,0,3,0.0327
n02415577,bighorn,1300,2.2,0,1,0,0,0,3,0.032
n02447366,badger,1300,2.2,0,1,0,0,0,3,0.0328
n02514041,barracouta,1300,2.2,0,0,0,1,0,2,0.0412
n02526121,eel,1165,2.2,0,1,0,0,0,3,0.0435
n02536864,coho,1300,2.2,0,0,0,1,0,2,0.0338
n02676566,acoustic guitar,1300,2.2,0,1,0,0,0,3,0.0498
n02727426,apiary,1300,2.2,0,1,0,0,0,3,0.0278
n02804414,bassinet,1300,2.2,0,1,0,0,0,3,0.0428
n02804610,bassoon,1300,2.2,0,1,0,0,0,3,0.0558
n02808304,bath towel,1300,2.2,0,1,0,0,0,3,0.0391
n02823428,beer bottle,1300,2.2,0,1,0,0,0,3,0.0444
n02825657,bell cote,1300,2.2,0,1,0,0,0,3,0.0484
n02859443,boathouse,1300,2.2,0,1,0,0,0,3,0.0312
n02894605,breakwater,1300,2.2,0,4,0,0,0,1,0.0382
n02977058,cash machine,1300,2.2,0,1,0,0,0,3,0.0398
n03032252,cinema,1300,2.2,0,1,0,0,0,3,0.0489
n03063599,coffee mug,1300,2.2,0,1,0,0,0,3,0.0469
n03095699,container ship,1300,2.2,0,1,0,0,0,3,0.0503
n03133878,Crock Pot,1187,2.2,0,1,0,0,0,3,0.0341
n03179701,desk,1300,2.2,0,1,0,0,0,3,0.0465
n03208938,disk brake,1300,2.2,0,4,0,0,0,1,0.0294
n03240683,drilling platform,1300,2.2,0,1,0,0,0,3,0.0431
n03417042,garbage truck,1300,2.2,0,1,0,0,0,3,0.0319
n03450230,gown,1300,2.2,0,1,0,0,0,3,0.043
n03534580,hoopskirt,1300,2.2,0,1,0,0,0,3,0.0454
n03690938,lotion,1272,2.2,0,1,0,0,0,3,0.0511
n03717622,manhole cover,1300,2.2,0,4,0,0,0,1,0.0348
n03769881,minibus,1300,2.2,0,1,0,0,0,3,0.0306
n03792782,mountain bike,1300,2.2,0,1,0,0,0,3,0.033
n03803284,muzzle,1133,2.2,0,1,0,0,0,3,0.0564
n03825788,nipple,1300,2.2,0,1,0,0,0,3,0.0612
n03866082,overskirt,1005,2.2,0,1,0,0,0,3,0.0485
n03868242,oxcart,1300,2.2,0,1,0,0,0,3,0.0286
n03929660,pick,1157,2.2,0,4,0,0,0,1,0.0688
n03937543,pill bottle,1300,2.2,0,1,0,0,0,3,0.0504
n03947888,pirate,1118,2.2,0,1,0,0,0,3,0.0452
n03954731,plane,1300,2.2,0,1,0,0,0,3,0.053
n03995372,power drill,908,2.2,0,1,0,0,0,3,0.0479
n04049303,rain barrel,1300,2.2,0,1,0,0,0,3,0.034
n04116512,rubber eraser,1300,2.2,0,1,0,0,0,3,0.0544
n04192698,shield,1300,2.2,0,1,0,0,0,3,0.0461
n04200800,shoe shop,1300,2.2,0,1,0,0,0,3,0.0268
n04204238,shopping basket,1300,2.2,0,1,0,0,0,3,0.0503
n04243546,slot,1300,2.2,0,1,0,0,0,3,0.0359
n04252077,snowmobile,1300,2.2,0,1,0,0,0,3,0.0457
n04258138,solar dish,1300,2.2,0,1,0,0,0,3,0.0386
n04259630,sombrero,1300,2.2,0,1,0,0,0,3,0.0407
n04273569,speedboat,1300,2.2,0,1,0,0,0,3,0.0448
n04296562,stage,1300,2.2,0,1,0,0,0,3,0.0501
n04336792,stretcher,1300,2.2,0,1,0,0,0,3,0.044
n04366367,suspension bridge,1300,2.2,0,1,0,0,0,3,0.0454
n04435653,tile roof,1300,2.2,0,1,0,0,0,3,0.0337
n04525305,vending machine,1300,2.2,0,1,0,0,0,3,0.0318
n04548362,wallet,1300,2.2,0,1,0,0,0,3,0.0556
n04579145,whiskey jug,1055,2.2,0,1,0,0,0,3,0.053
n04592741,wing,1300,2.2,0,1,0,0,0,3,0.0506
n04597913,wooden spoon,1300,2.2,0,0,0,1,0,2,0.0489
n04599235,wool,1300,2.2,0,1,0,0,0,3,0.0461
n07715103,cauliflower,1300,2.2,0,1,0,0,0,3,0.037
n07718747,artichoke,1300,2.2,0,1,0,0,0,3,0.0309
n13044778,earthstar,1300,2.2,0,1,0,0,0,3,0.0314
n02025239,ruddy turnstone,1300,2.0,0,2,0,0,0,2,0.0443
n02027492,red-backed sandpiper,1300,2.0,0,2,0,0,0,2,0.0557
n02071294,killer whale,1300,2.0,0,2,0,0,0,2,0.0459
n02087046,toy terrier,860,2.0,0,2,0,0,0,2,0.042
n02088632,bluetick,1136,2.0,0,2,0,0,0,2,0.0356
n02091032,Italian greyhound,1300,2.0,0,2,0,0,0,2,0.0379
n02094258,Norwich terrier,1300,2.0,0,2,0,0,0,2,0.0304
n02095889,Sealyham terrier,936,2.0,0,2,0,0,0,2,0.0424
n02106166,Border collie,1300,2.0,0,2,0,0,0,2,0.0377
n02114367,timber wolf,1300,2.0,0,2,0,0,0,2,0.0332
n02123394,Persian cat,1300,2.0,0,2,0,0,0,2,0.0377
n02127052,lynx,1300,2.0,0,2,0,0,0,2,0.0283
n02133161,American black bear,1300,2.0,0,2,0,0,0,2,0.0324
n02168699,long-horned beetle,1300,2.0,0,2,0,0,0,2,0.0485
n02317335,starfish,1300,2.0,0,2,0,0,0,2,0.0448
n02443484,black-footed ferret,1300,2.0,0,2,0,0,0,2,0.0388
n02454379,armadillo,1300,2.0,0,2,0,0,0,2,0.0347
n02490219,marmoset,1300,2.0,0,1,1,0,0,1,0.036
n02504013,Indian elephant,1300,2.0,0,1,1,0,0,1,0.0291
n02783161,ballpoint,1236,2.0,0,2,0,0,0,2,0.0663
n02788148,bannister,1300,2.0,0,1,1,0,0,1,0.0352
n02797295,barrow,1300,2.0,0,2,0,0,0,2,0.0338
n02807133,bathing cap,1300,2.0,0,2,0,0,0,2,0.0432
n02840245,binder,1300,2.0,0,2,0,0,0,2,0.0583
n02869837,bonnet,1300,2.0,0,2,0,0,0,2,0.0397
n02917067,bullet train,1300,2.0,0,2,0,0,0,2,0.0241
n02981792,catamaran,1300,2.0,0,2,0,0,0,2,0.0441
n03124170,cowboy hat,1300,2.0,0,2,0,0,0,2,0.0423
n03272562,electric locomotive,1300,2.0,0,2,0,0,0,2,0.0309
n03291819,envelope,1300,2.0,0,2,0,0,0,2,0.0573
n03344393,fireboat,1300,2.0,0,2,0,0,0,2,0.0406
n03393912,freight car,1300,2.0,0,2,0,0,0,2,0.0432
n03447447,gondola,1300,2.0,0,2,0,0,0,2,0.0292
n03538406,horse cart,1300,2.0,0,2,0,0,0,2,0.0321
n03720891,maraca,1300,2.0,0,2,0,0,0,2,0.0652
n03888605,parallel bars,1300,2.0,0,2,0,0,0,2,0.0483
n03930630,pickup,1300,2.0,0,2,0,0,0,2,0.0338
n04204347,shopping cart,1300,2.0,0,2,0,0,0,2,0.0339
n04251144,snorkel,1300,2.0,0,2,0,0,0,2,0.0522
n04310018,steam locomotive,1300,2.0,0,2,0,0,0,2,0.0335
n04326547,stone wall,1300,2.0,0,2,0,0,0,2,0.0279
n04367480,swab,1300,2.0,0,2,0,0,0,2,0.046
n04442312,toaster,1300,2.0,0,2,0,0,0,2,0.0459
n04443257,tobacco shop,1250,2.0,0,2,0,0,0,2,0.0288
n04486054,triumphal arch,1300,2.0,0,2,0,0,0,2,0.0373
n04540053,volleyball,1300,2.0,0,2,0,0,0,2,0.0392
n04579432,whistle,1300,2.0,0,2,0,0,0,2,0.0732
n04604644,worm fence,1300,2.0,0,2,0,0,0,2,0.0342
n04612504,yawl,1206,2.0,0,2,0,0,0,2,0.0426
n07753592,banana,1300,2.0,0,2,0,0,0,2,0.0448
n15075141,toilet tissue,1300,2.0,0,2,0,0,0,2,0.0426
n01530575,brambling,1300,1.8,0,0,0,0,0,3,0.0449
n01532829,house finch,1300,1.8,0,0,0,0,0,3,0.0479
n01558993,robin,1300,1.8,0,0,0,0,0,3,0.0421
n01560419,bulbul,1300,1.8,0,0,0,0,0,3,0.043
n01582220,magpie,1300,1.8,0,0,0,0,0,3,0.047
n01616318,vulture,1300,1.8,0,0,0,0,0,3,0.0677
n01632458,spotted salamander,1300,1.8,0,0,0,0,0,3,0.0389
n01644373,tree frog,1300,1.8,0,0,0,0,0,3,0.0477
n01682714,American chameleon,1300,1.8,0,0,0,0,0,3,0.0454
n01692333,Gila monster,1300,1.8,0,0,0,0,0,3,0.0309
n01693334,green lizard,1300,1.8,0,0,0,0,0,3,0.0361
n01695060,Komodo dragon,1300,1.8,0,0,0,0,0,3,0.0271
n01697457,African crocodile,1300,1.8,0,0,0,0,0,3,0.0377
n01729322,hognose snake,1300,1.8,0,0,0,0,0,3,0.036
n01735189,garter snake,1300,1.8,0,0,0,0,0,3,0.026
n01753488,horned viper,1300,1.8,0,0,0,0,0,3,0.0399
n01756291,sidewinder,1300,1.8,0,0,0,0,0,3,0.0339
n01770393,scorpion,1300,1.8,0,0,0,0,0,3,0.0499
n01773797,garden spider,1300,1.8,0,0,0,0,0,3,0.0413
n01819313,sulphur-crested cockatoo,1300,1.8,0,0,0,0,0,3,0.0435
n01847000,drake,1300,1.8,0,0,0,0,0,3,0.0455
n01917289,brain coral,1300,1.8,0,0,0,0,0,3,0.0321
n01978455,rock crab,1300,1.8,0,0,0,0,0,3,0.0328
n01981276,king crab,1300,1.8,0,0,0,0,0,3,0.0369
n02007558,flamingo,1300,1.8,0,0,0,0,0,3,0.0422
n02056570,king penguin,1300,1.8,0,0,0,0,0,3,0.0354
n02074367,dugong,1300,1.8,0,0,0,0,0,3,0.0503
n02088238,basset,1300,1.8,0,0,0,0,0,3,0.037
n02090379,redbone,1290,1.8,0,0,0,0,0,3,0.0353
n02093754,Border terrier,1300,1.8,0,0,0,0,0,3,0.0308
n02094433,Yorkshire terrier,1300,1.8,0,0,0,0,0,3,0.0373
n02095570,Lakeland terrier,1300,1.8,0,0,0,0,0,3,0.0366
n02096177,cairn,1300,1.8,0,0,0,0,0,3,0.0311
n02096294,Australian terrier,1300,1.8,0,0,0,0,0,3,0.036
n02097658,silky terrier,1300,1.8,0,0,0,0,0,3,0.0295
n02099712,Labrador retriever,1300,1.8,0,3,0,0,0,1,0.0356
n02100583,vizsla,1300,1.8,0,0,0,0,0,3,0.0368
n02100735,English setter,1300,1.8,0,3,0,0,0,1,0.0346
n02102040,English springer,1300,1.8,0,3,0,0,0,1,0.0338
n02102973,Irish water spaniel,969,1.8,0,3,0,0,0,1,0.0378
n02107312,miniature pinscher,1300,1.8,0,0,0,0,0,3,0.036
n02112137,chow,1300,1.8,0,0,0,0,0,3,0.0377
n02113023,Pembroke,1300,1.8,0,0,0,0,0,3,0.0327
n02114855,coyote,1300,1.8,0,0,0,0,0,3,0.0352
n02125311,cougar,1300,1.8,0,0,0,0,0,3,0.0324
n02132136,brown bear,1300,1.8,0,0,0,0,0,3,0.0331
n02165105,tiger beetle,1300,1.8,0,0,0,0,0,3,0.0336
n02165456,ladybug,1300,1.8,0,0,0,0,0,3,0.0444
n02169497,leaf beetle,1300,1.8,0,0,0,0,0,3,0.0433
n02177972,weevil,1300,1.8,0,0,0,0,0,3,0.056
n02226429,grasshopper,1300,1.8,0,0,0,0,0,3,0.0444
n02259212,leafhopper,1300,1.8,0,0,0,0,0,3,0.0685
n02268443,dragonfly,1300,1.8,0,0,0,0,0,3,0.0462
n02276258,admiral,1300,1.8,0,0,0,0,0,3,0.0402
n02277742,ringlet,1300,1.8,0,0,0,0,0,3,0.0356
n02279972,monarch,1300,1.8,0,0,0,0,0,3,0.0343
n02280649,cabbage butterfly,1300,1.8,0,0,0,0,0,3,0.0422
n02361337,marmot,1300,1.8,0,0,0,0,0,3,0.0304
n02408429,water buffalo,1300,1.8,0,0,0,0,0,3,0.0317
n02441942,weasel,1300,1.8,0,0,0,0,0,3,0.0386
n02443114,polecat,1300,1.8,0,0,0,0,0,3,0.0358
n02444819,otter,1300,1.8,0,0,0,0,0,3,0.036
n02484975,guenon,1300,1.8,0,0,0,0,0,3,0.0289
n02487347,macaque,1300,1.8,0,0,0,0,0,3,0.0306
n02492660,howler monkey,1300,1.8,0,0,0,0,0,3,0.0335
n02497673,Madagascar cat,1300,1.8,0,0,0,0,0,3,0.0273
n02500267,indri,1300,1.8,0,0,0,0,0,3,0.0287
n02606052,rock beauty,969,1.8,0,0,0,0,0,3,0.0418
n02641379,gar,1300,1.8,0,0,0,0,0,3,0.0475
n02643566,lionfish,1300,1.8,0,0,0,0,0,3,0.0402
n02699494,altar,1300,1.8,0,0,0,0,0,3,0.0315
n02843684,birdhouse,1300,1.8,0,0,0,0,0,3,0.0369
n02865351,bolo tie,1300,1.8,0,0,0,0,0,3,0.0694
n02877765,bottlecap,1300,1.8,0,0,0,0,0,3,0.0446
n02883205,bow tie,1300,1.8,0,3,0,0,0,1,0.0472
n02948072,candle,1300,1.8,0,0,0,0,0,3,0.0625
n03014705,chest,1300,1.8,0,0,0,0,0,3,0.0556
n03026506,Christmas stocking,1300,1.8,0,0,0,0,0,3,0.0428
n03042490,cliff dwelling,1300,1.8,0,0,0,0,0,3,0.0293
n03127747,crash helmet,1300,1.8,0,0,0,0,0,3,0.0416
n03218198,dogsled,1300,1.8,0,0,0,0,0,3,0.0396
n03223299,doormat,1300,1.8,0,0,0,0,0,3,0.0451
n03314780,face powder,1153,1.8,0,0,0,0,0,3,0.0644
n03325584,feather boa,1300,1.8,0,0,0,0,0,3,0.0397
n03443371,goblet,1300,1.8,0,3,0,0,0,1,0.0426
n03445924,golfcart,1300,1.8,0,0,0,0,0,3,0.0328
n03461385,grocery store,1300,1.8,0,0,0,0,0,3,0.0249
n03496892,harvester,1300,1.8,0,0,0,0,0,3,0.0365
n03529860,home theater,1300,1.8,0,3,0,0,0,1,0.0421
n03530642,honeycomb,1300,1.8,0,0,0,0,0,3,0.0407
n03662601,lifeboat,1300,1.8,0,0,0,0,0,3,0.0445
n03697007,lumbermill,1300,1.8,0,0,0,0,0,3,0.0259
n03733131,maypole,1300,1.8,0,0,0,0,0,3,0.0371
n03770679,minivan,1300,1.8,0,0,0,0,0,3,0.031
n03773504,missile,1300,1.8,0,0,0,0,0,3,0.0512
n03781244,monastery,1155,1.8,0,0,0,0,0,3,0.0336
n03787032,mortarboard,1300,1.8,0,0,0,0,0,3,0.0482
n03788195,mosque,1300,1.8,0,0,0,0,0,3,0.0439
n03837869,obelisk,1300,1.8,0,3,0,0,0,1,0.0476
n03840681,ocarina,1300,1.8,0,0,0,0,0,3,0.0516
n03877472,pajama,1300,1.8,0,0,0,0,0,3,0.0411
n03884397,panpipe,1300,1.8,0,0,0,0,0,3,0.051
n03902125,pay-phone,1300,1.8,0,0,0,0,0,3,0.0345
n03930313,picket fence,1300,1.8,0,3,0,0,0,1,0.0318
n03970156,plunger,1254,1.8,0,0,0,0,0,3,0.0489
n04026417,purse,1300,1.8,0,0,0,0,0,3,0.0567
n04081281,restaurant,1300,1.8,0,0,0,0,0,3,0.0327
n04111531,rotisserie,1300,1.8,0,0,0,0,0,3,0.0338
n04152593,screen,1267,1.8,0,0,0,0,0,3,0.045
n04235860,sleeping bag,1300,1.8,0,0,0,0,0,3,0.0403
n04254777,sock,1300,1.8,0,0,0,0,0,3,0.0394
n04330267,stove,1300,1.8,0,0,0,0,0,3,0.0463
n04483307,trimaran,1300,1.8,0,0,0,0,0,3,0.0442
n04550184,wardrobe,1300,1.8,0,0,0,0,0,3,0.0406
n07583066,guacamole,1300,1.8,0,0,0,0,0,3,0.0275
n07614500,ice cream,1300,1.8,0,0,0,0,0,3,0.0376
n07615774,ice lolly,1300,1.8,0,0,0,0,0,3,0.0339
n07711569,mashed potato,1300,1.8,0,0,0,0,0,3,0.0336
n07714990,broccoli,1300,1.8,0,0,0,0,0,3,0.0326
n07716906,spaghetti squash,1239,1.8,0,0,0,0,0,3,0.0441
n07749582,lemon,1300,1.8,0,0,0,0,0,3,0.0532
n07760859,custard apple,1300,1.8,0,0,0,0,0,3,0.0388
n07768694,pomegranate,1300,1.8,0,0,0,0,0,3,0.039
n07836838,chocolate sauce,1300,1.8,0,0,0,0,0,3,0.0435
n07875152,potpie,1300,1.8,0,0,0,0,0,3,0.0311
n07920052,espresso,1300,1.8,0,0,0,0,0,3,0.0391
n09332890,lakeside,1300,1.8,0,0,0,0,0,3,0.0376
n09468604,valley,1300,1.8,0,0,0,0,0,3,0.0325
n12057211,yellow lady's slipper,1300,1.8,0,0,0,0,0,3,0.0411
n12267677,acorn,1300,1.8,0,0,0,0,0,3,0.0424
n12985857,coral fungus,1300,1.8,0,0,0,0,0,3,0.0327
n12998815,agaric,1300,1.8,0,0,0,0,0,3,0.0318
n13133613,ear,1300,1.8,0,0,0,0,0,3,0.0396
n01580077,jay,1300,1.6,0,1,0,0,0,2,0.0364
n01630670,common newt,1300,1.6,0,1,0,0,0,2,0.0368
n01739381,vine snake,1300,1.6,0,1,0,0,0,2,0.0611
n01795545,black grouse,1300,1.6,0,1,0,0,0,2,0.042
n01860187,black swan,1300,1.6,0,1,0,0,0,2,0.042
n01882714,koala,1300,1.6,0,1,0,0,0,2,0.0209
n01943899,conch,1300,1.6,0,1,0,0,0,2,0.048
n02037110,oystercatcher,1300,1.6,0,1,0,0,0,2,0.0461
n02088364,beagle,1300,1.6,0,1,0,0,0,2,0.0387
n02091831,Saluki,1300,1.6,0,1,0,0,0,2,0.0343
n02092002,Scottish deerhound,1300,1.6,0,1,0,0,0,2,0.0265
n02093428,American Staffordshire terrier,1300,1.6,0,1,0,0,0,2,0.0339
n02096437,Dandie Dinmont,1156,1.6,0,1,0,0,0,2,0.0349
n02097474,Tibetan terrier,1300,1.6,0,1,0,0,0,2,0.0327
n02098105,soft-coated wheaten terrier,1300,1.6,0,1,0,0,0,2,0.0335
n02098413,Lhasa,1300,1.6,0,1,0,0,0,2,0.034
n02107908,Appenzeller,1300,1.6,0,1,0,0,0,2,0.0352
n02109047,Great Dane,1300,1.6,0,1,0,0,0,2,0.038
n02112018,Pomeranian,1300,1.6,0,1,0,0,0,2,0.0347
n02112350,keeshond,1300,1.6,0,1,0,0,0,2,0.0306
n02113186,Cardigan,1300,1.6,0,1,0,0,0,2,0.0337
n02113978,Mexican hairless,755,1.6,0,1,0,0,0,2,0.0351
n02114548,white wolf,1300,1.6,0,1,0,0,0,2,0.0383
n02167151,ground beetle,1300,1.6,0,1,0,0,0,2,0.0365
n02346627,porcupine,1300,1.6,0,1,0,0,0,2,0.0313
n02364673,guinea pig,1300,1.6,0,1,0,0,0,2,0.0354
n02486261,patas,1300,1.6,0,1,0,0,0,2,0.0305
n02669723,academic gown,1300,1.6,0,1,0,0,0,2,0.0437
n02730930,apron,1300,1.6,0,1,0,0,0,2,0.0408
n02776631,bakery,1300,1.6,0,1,0,0,0,2,0.0275
n02835271,bicycle-built-for-two,1300,1.6,0,1,0,0,0,2,0.0317
n03000684,chain saw,1194,1.6,0,1,0,0,0,2,0.0433
n03127925,crate,1300,1.6,0,1,0,0,0,2,0.0429
n03131574,crib,1300,1.6,0,1,0,0,0,2,0.0357
n03201208,dining table,1300,1.6,0,1,0,0,0,2,0.035
n03216828,dock,1211,1.6,0,1,0,0,0,2,0.0322
n03272010,electric guitar,1300,1.6,0,1,0,0,0,2,0.0572
n03355925,flagpole,1300,1.6,0,1,0,0,0,2,0.0529
n03388549,four-poster,1300,1.6,0,1,0,0,0,2,0.0349
n03457902,greenhouse,1300,1.6,0,1,0,0,0,2,0.0324
n03476684,hair slide,1300,1.6,0,1,0,0,0,2,0.0608
n03590841,jack-o'-lantern,1300,1.6,0,0,0,1,0,1,0.0708
n03594734,jean,1300,1.6,0,1,0,0,0,2,0.0402
n03599486,jinrikisha,1300,1.6,0,1,0,0,0,2,0.0266
n03649909,lawn mower,1300,1.6,0,1,0,0,0,2,0.0343
n03661043,library,1300,1.6,0,1,0,0,0,2,0.0269
n03710193,mailbox,1300,1.6,0,1,0,0,0,2,0.0354
n03775546,mixing bowl,1300,1.6,0,1,0,0,0,2,0.0369
n03873416,paddle,1300,1.6,0,1,0,0,0,2,0.0366
n03877845,palace,1300,1.6,0,1,0,0,0,2,0.0324
n03891332,parking meter,1300,1.6,0,1,0,0,0,2,0.0358
n03933933,pier,1300,1.6,0,1,0,0,0,2,0.0404
n03938244,pillow,1300,1.6,0,1,0,0,0,2,0.0415
n03967562,plow,1300,1.6,0,1,0,0,0,2,0.0317
n03983396,pop bottle,1300,1.6,0,1,0,0,0,2,0.0409
n04008634,projectile,1300,1.6,0,1,0,0,0,2,0.0477
n04033995,quilt,1300,1.6,0,1,0,0,0,2,0.0358
n04037443,racer,1300,1.6,0,1,0,0,0,2,0.0397
n04147183,schooner,1300,1.6,0,1,0,0,0,2,0.0498
n04209133,shower cap,1300,1.6,0,1,0,0,0,2,0.0402
n04263257,soup bowl,1300,1.6,0,1,0,0,0,2,0.0352
n04285008,sports car,1300,1.6,0,1,0,0,0,2,0.0376
n04325704,stole,1300,1.6,0,1,0,0,0,2,0.0393
n04335435,streetcar,1300,1.6,0,1,0,0,0,2,0.0278
n04355338,sundial,1300,1.6,0,1,0,0,0,2,0.0435
n04371430,swimming trunks,1300,1.6,0,1,0,0,0,2,0.0441
n04399382,teddy,1300,1.6,0,1,0,0,0,2,0.0383
n04428191,thresher,1300,1.6,0,1,0,0,0,2,0.0346
n04458633,totem pole,1300,1.6,0,1,0,0,0,2,0.0386
n04461696,tow truck,1300,1.6,0,1,0,0,0,2,0.0308
n04465501,tractor,1300,1.6,0,1,0,0,0,2,0.0343
n04467665,trailer truck,1300,1.6,0,1,0,0,0,2,0.0359
n04487081,trolleybus,1300,1.6,0,1,0,0,0,2,0.0299
n04523525,vault,1300,1.6,0,1,0,0,0,2,0.0292
n04591713,wine bottle,1300,1.6,0,1,0,0,0,2,0.0477
n04596742,wok,1300,1.6,0,1,0,0,0,2,0.0335
n04613696,yurt,1300,1.6,0,1,0,0,0,2,0.0331
n06794110,street sign,1300,1.6,0,1,0,0,0,2,0.051
n07248320,book jacket,1154,1.6,0,1,0,0,0,2,0.051
n07753113,fig,1300,1.6,0,1,0,0,0,2,0.0434
n09193705,alp,1300,1.6,0,1,0,0,0,2,0.0369
n11939491,daisy,1300,1.6,0,1,0,0,0,2,0.0491
n01817953,African grey,1300,1.4,0,2,0,0,0,1,0.0349
n02097209,standard schnauzer,1300,1.4,0,2,0,0,0,1,0.0307
n02483362,gibbon,1300,1.4,0,2,0,0,0,1,0.0362
n02814860,beacon,1300,1.4,0,2,0,0,0,1,0.052
n03425413,gas pump,1300,1.4,0,2,0,0,0,1,0.0321
n03733281,maze,1300,1.4,0,2,0,0,0,1,0.0347
n03785016,moped,1300,1.4,0,2,0,0,0,1,0.0307
n04371774,swing,1300,1.4,0,2,0,0,0,1,0.0383
n04522168,vase,1300,1.4,0,2,0,0,0,1,0.0465
n09428293,seashore,1300,1.4,0,2,0,0,0,1,0.0373
n10148035,groom,1300,1.4,0,2,0,0,0,1,0.0346
n01443537,goldfish,1300,1.2,0,0,0,0,0,2,0.0524
n01514668,cock,1300,1.2,0,0,0,0,0,2,0.0314
n01531178,goldfinch,1300,1.2,0,0,0,0,0,2,0.0437
n01592084,chickadee,1300,1.2,0,0,0,0,0,2,0.0441
n01629819,European fire salamander,1300,1.2,0,0,0,0,0,2,0.0315
n01631663,eft,1300,1.2,0,0,0,0,0,2,0.0335
n01644900,tailed frog,1300,1.2,0,0,0,0,0,2,0.0381
n01667114,mud turtle,1300,1.2,0,0,0,0,0,2,0.0296
n01669191,box turtle,1300,1.2,0,0,0,0,0,2,0.0303
n01677366,common iguana,1300,1.2,0,0,0,0,0,2,0.039
n01742172,boa constrictor,1300,1.2,0,0,0,0,0,2,0.0359
n01744401,rock python,1071,1.2,0,0,0,0,0,2,0.0322
n01749939,green mamba,1300,1.2,0,0,0,0,0,2,0.0408
n01797886,ruffed grouse,1300,1.2,0,0,0,0,0,2,0.0347
n01806567,quail,1300,1.2,0,0,0,0,0,2,0.037
n01807496,partridge,1300,1.2,0,0,0,0,0,2,0.0409
n01818515,macaw,1300,1.2,0,0,0,0,0,2,0.0409
n01820546,lorikeet,1300,1.2,0,0,0,0,0,2,0.0371
n01824575,coucal,1300,1.2,0,0,0,0,0,2,0.0371
n01829413,hornbill,1300,1.2,0,0,0,0,0,2,0.0409
n01843383,toucan,1300,1.2,0,0,0,0,0,2,0.0367
n01883070,wombat,1300,1.2,0,0,0,0,0,2,0.0308
n01914609,sea anemone,1300,1.2,0,0,0,0,0,2,0.0379
n01944390,snail,1300,1.2,0,0,0,0,0,2,0.0345
n01978287,Dungeness crab,1300,1.2,0,0,0,0,0,2,0.0291
n01980166,fiddler crab,1300,1.2,0,0,0,0,0,2,0.0404
n01983481,American lobster,1300,1.2,0,0,0,0,0,2,0.0376
n01984695,spiny lobster,1300,1.2,0,0,0,0,0,2,0.0347
n02011460,bittern,1300,1.2,0,0,0,0,0,2,0.0348
n02017213,European gallinule,1300,1.2,0,0,0,0,0,2,0.0387
n02085620,Chihuahua,1300,1.2,0,0,0,0,0,2,0.0379
n02086079,Pekinese,1300,1.2,0,0,0,0,0,2,0.0362
n02087394,Rhodesian ridgeback,1300,1.2,0,0,0,0,0,2,0.0354
n02090622,borzoi,1300,1.2,0,0,0,0,0,2,0.0326
n02091244,Ibizan hound,1300,1.2,0,0,0,0,0,2,0.0378
n02091467,Norwegian elkhound,1300,1.2,0,0,0,0,0,2,0.0322
n02093991,Irish terrier,1300,1.2,0,0,0,0,0,2,0.0347
n02096051,Airedale,1300,1.2,0,0,0,0,0,2,0.0358
n02102177,Welsh springer spaniel,1300,1.2,0,0,0,0,0,2,0.0328
n02105162,malinois,1300,1.2,0,0,0,0,0,2,0.0317
n02105412,kelpie,1300,1.2,0,0,0,0,0,2,0.036
n02105505,komondor,1300,1.2,0,0,0,0,0,2,0.0314
n02105641,Old English sheepdog,1300,1.2,0,0,0,0,0,2,0.0332
n02106550,Rottweiler,1300,1.2,0,0,0,0,0,2,0.0319
n02107574,Greater Swiss Mountain dog,1300,1.2,0,0,0,0,0,2,0.0327
n02110806,basenji,1300,1.2,0,0,0,0,0,2,0.037
n02111129,Leonberg,1300,1.2,0,0,0,0,0,2,0.0288
n02111500,Great Pyrenees,1300,1.2,0,0,0,0,0,2,0.0357
n02114712,red wolf,1300,1.2,0,0,0,0,0,2,0.036
n02115641,dingo,1300,1.2,0,0,0,0,0,2,0.033
n02115913,dhole,1300,1.2,0,0,0,0,0,2,0.034
n02116738,African hunting dog,1300,1.2,0,0,0,0,0,2,0.0322
n02117135,hyena,1300,1.2,0,0,0,0,0,2,0.0332
n02128925,jaguar,1300,1.2,0,0,0,0,0,2,0.028
n02129604,tiger,1300,1.2,0,0,0,0,0,2,0.0333
n02130308,cheetah,1300,1.2,0,0,0,0,0,2,0.0325
n02138441,meerkat,1300,1.2,0,0,0,0,0,2,0.0336
n02219486,ant,1300,1.2,0,0,0,0,0,2,0.0423
n02229544,cricket,1300,1.2,0,0,0,0,0,2,0.0487
n02233338,cockroach,1300,1.2,0,0,0,0,0,2,0.0536
n02256656,cicada,1300,1.2,0,0,0,0,0,2,0.041
n02264363,lacewing,1300,1.2,0,0,0,0,0,2,0.0573
n02268853,damselfly,1300,1.2,0,0,0,0,0,2,0.0455
n02281787,lycaenid,1300,1.2,0,0,0,0,0,2,0.0466
n02321529,sea cucumber,1300,1.2,0,0,0,0,0,2,0.0366
n02342885,hamster,1300,1.2,0,0,0,0,0,2,0.0357
n02398521,hippopotamus,1300,1.2,0,0,0,0,0,2,0.0362
n02410509,bison,1300,1.2,0,0,0,0,0,2,0.0436
n02417914,ibex,1300,1.2,0,0,0,0,0,2,0.0374
n02422699,impala,1300,1.2,0,0,0,0,0,2,0.0339
n02423022,gazelle,1300,1.2,0,0,0,0,0,2,0.0377
n02457408,three-toed sloth,1300,1.2,0,0,0,0,0,2,0.0326
n02480495,orangutan,1300,1.2,0,0,0,0,0,2,0.0314
n02489166,proboscis monkey,1300,1.2,0,0,0,0,0,2,0.0325
n02492035,capuchin,1300,1.2,0,0,0,0,0,2,0.0351
n02509815,lesser panda,1300,1.2,0,0,0,0,0,2,0.0278
n02510455,giant panda,1300,1.2,0,0,0,0,0,2,0.0292
n02607072,anemone fish,1300,1.2,0,0,0,0,0,2,0.0347
n02701002,ambulance,1300,1.2,0,0,0,0,0,2,0.031
n02814533,beach wagon,1300,1.2,0,0,0,0,0,2,0.031
n02823750,beer glass,1300,1.2,0,0,0,0,0,2,0.0418
n02834397,bib,1300,1.2,0,0,0,0,0,2,0.0465
n02860847,bobsled,1300,1.2,0,0,0,0,0,2,0.033
n02870880,bookcase,1300,1.2,0,0,0,0,0,2,0.028
n02871525,bookshop,1300,1.2,0,0,0,0,0,2,0.0264
n02892767,brassiere,1300,1.2,0,0,0,0,0,2,0.0366
n02951358,canoe,1300,1.2,0,0,0,0,0,2,0.0372
n02963159,cardigan,1300,1.2,0,0,0,0,0,2,0.0394
n02966193,carousel,1300,1.2,0,0,0,0,0,2,0.0281
n02971356,carton,1300,1.2,0,0,0,0,0,2,0.0492
n03089624,confectionery,1300,1.2,0,0,0,0,0,2,0.0242
n03134739,croquet ball,1300,1.2,0,0,0,0,0,2,0.0422
n03207743,dishrag,1300,1.2,0,0,0,0,0,2,0.0374
n03259280,Dutch oven,1300,1.2,0,0,0,0,0,2,0.0307
n03345487,fire engine,1300,1.2,0,0,0,0,0,2,0.0335
n03379051,football helmet,1300,1.2,0,0,0,0,0,2,0.046
n03384352,forklift,1300,1.2,0,0,0,0,0,2,0.0354
n03444034,go-kart,1300,1.2,0,0,0,0,0,2,0.038
n03710637,maillot,1300,1.2,0,0,0,0,0,2,0.0468
n03775071,mitten,1300,1.2,0,0,0,0,0,2,0.0434
n03796401,moving van,1159,1.2,0,0,0,0,0,2,0.0363
n03871628,packet,1300,1.2,0,0,0,0,0,2,0.0531
n03899768,patio,1152,1.2,0,0,0,0,0,2,0.0278
n03944341,pinwheel,1117,1.2,0,0,0,0,0,2,0.0495
n03977966,police van,1300,1.2,0,0,0,0,0,2,0.0264
n03980874,poncho,1300,1.2,0,0,0,0,0,2,0.0408
n03991062,pot,1300,1.2,0,0,0,0,0,2,0.0305
n04133789,sandal,1300,1.2,0,0,0,0,0,2,0.0565
n04136333,sarong,1300,1.2,0,0,0,0,0,2,0.039
n04146614,school bus,1300,1.2,0,0,0,0,0,2,0.0336
n04277352,spindle,1300,1.2,0,0,0,0,0,2,0.0429
n04417672,thatch,1300,1.2,0,0,0,0,0,2,0.0305
n04456115,torch,1300,1.2,0,0,0,0,0,2,0.051
n04462240,toyshop,1300,1.2,0,0,0,0,0,2,0.0247
n04509417,unicycle,1300,1.2,0,0,0,0,0,2,0.0363
n04584207,wig,1300,1.2,0,0,0,0,0,2,0.044
n07579787,plate,1300,1.2,0,0,0,0,0,2,0.0355
n07584110,consomme,1207,1.2,0,0,0,0,0,2,0.0366
n07590611,hot pot,1149,1.2,0,0,0,0,0,2,0.0324
n07684084,French loaf,1300,1.2,0,0,0,0,0,2,0.0312
n07693725,bagel,1300,1.2,0,0,0,0,0,2,0.0362
n07697313,cheeseburger,1300,1.2,0,0,0,0,0,2,0.0318
n07697537,hotdog,1300,1.2,0,0,0,0,0,2,0.0369
n07714571,head cabbage,1300,1.2,0,0,0,0,0,2,0.0372
n07717556,butternut squash,1300,1.2,0,0,0,0,0,2,0.0503
n07730033,cardoon,1125,1.2,0,0,0,0,0,2,0.0348
n07734744,mushroom,1300,1.2,0,0,0,0,0,2,0.0382
n07745940,strawberry,1300,1.2,0,0,0,0,0,2,0.0492
n07831146,carbonara,1300,1.2,0,0,0,0,0,2,0.0331
n07871810,meat loaf,1300,1.2,0,0,0,0,0,2,0.0328
n07880968,burrito,1300,1.2,0,0,0,0,0,2,0.0357
n09256479,coral reef,1300,1.2,0,0,0,0,0,2,0.0369
n09421951,sandbar,1300,1.2,0,0,0,0,0,2,0.0403
n11879895,rapeseed,1300,1.2,0,0,0,0,0,2,0.048
n12620546,hip,1300,1.2,0,0,0,0,0,2,0.0415
n13037406,gyromitra,1300,1.2,0,0,0,0,0,2,0.0248
n13040303,stinkhorn,1300,1.2,0,0,0,0,0,2,0.0318
n13052670,hen-of-the-woods,1300,1.2,0,0,0,0,0,2,0.0291
n13054560,bolete,1300,1.2,0,0,0,0,0,2,0.0274
n01601694,water ouzel,1300,1.0,0,1,0,0,0,1,0.0426
n01774750,tarantula,1300,1.0,0,1,0,0,0,1,0.0428
n02033041,dowitcher,1300,1.0,0,1,0,0,0,1,0.0582
n02091635,otterhound,738,1.0,0,1,0,0,0,1,0.0308
n02093859,Kerry blue terrier,1273,1.0,0,1,0,0,0,1,0.0384
n02099849,Chesapeake Bay retriever,1300,1.0,0,1,0,0,0,1,0.0351
n02102480,Sussex spaniel,1300,1.0,0,1,0,0,0,1,0.0358
n02106030,collie,1300,1.0,0,1,0,0,0,1,0.0358
n02107683,Bernese mountain dog,1300,1.0,0,1,0,0,0,1,0.0358
n02108551,Tibetan mastiff,1300,1.0,0,1,0,0,0,1,0.0304
n02113712,miniature poodle,1300,1.0,0,1,0,0,0,1,0.0391
n02124075,Egyptian cat,1300,1.0,0,1,0,0,0,1,0.0358
n02412080,ram,1300,1.0,0,1,0,0,0,1,0.0326
n02704792,amphibian,1300,1.0,0,1,0,0,0,1,0.0346
n02802426,basketball,1300,1.0,0,1,0,0,0,1,0.0343
n03018349,china cabinet,1300,1.0,0,1,0,0,0,1,0.0361
n03100240,convertible,1300,1.0,0,1,0,0,0,1,0.0296
n03160309,dam,1300,1.0,0,1,0,0,0,1,0.0327
n03594945,jeep,1300,1.0,0,1,0,0,0,1,0.0295
n03598930,jigsaw puzzle,1300,1.0,0,1,0,0,0,1,0.0354
n03617480,kimono,1300,1.0,0,1,0,0,0,1,0.036
n03743016,megalith,1300,1.0,0,1,0,0,0,1,0.0364
n04065272,recreational vehicle,1300,1.0,0,1,0,0,0,1,0.03
n04118538,rugby ball,1300,1.0,0,1,0,0,0,1,0.0319
n04606251,wreck,1300,1.0,0,1,0,0,0,1,0.0477
n06874185,traffic light,1300,1.0,0,1,0,0,0,1,0.054
n09399592,promontory,1300,1.0,0,1,0,0,0,1,0.0347
n01518878,ostrich,1300,0.6,0,0,0,0,0,1,0.0442
n01667778,terrapin,1300,0.6,0,0,0,0,0,1,0.0403
n01728572,thunder snake,1300,0.6,0,0,0,0,0,1,0.0305
n01872401,echidna,1300,0.6,0,0,0,0,0,1,0.028
n01877812,wallaby,1300,0.6,0,0,0,0,0,1,0.0328
n01924916,flatworm,1300,0.6,0,0,0,0,0,1,0.036
n01955084,chiton,1300,0.6,0,0,0,0,0,1,0.0291
n01985128,crayfish,1300,0.6,0,0,0,0,0,1,0.0416
n01986214,hermit crab,1300,0.6,0,0,0,0,0,1,0.0376
n02002556,white stork,1300,0.6,0,0,0,0,0,1,0.0654
n02018795,bustard,1300,0.6,0,0,0,0,0,1,0.0463
n02093256,Staffordshire bullterrier,1300,0.6,0,0,0,0,0,1,0.0361
n02100877,Irish setter,1300,0.6,0,0,0,0,0,1,0.0316
n02101556,clumber,1300,0.6,0,0,0,0,0,1,0.0319
n02119022,red fox,1300,0.6,0,0,0,0,0,1,0.0364
n02123159,tiger cat,1300,0.6,0,0,0,0,0,1,0.0344
n02128385,leopard,1300,0.6,0,0,0,0,0,1,0.0314
n02129165,lion,1300,0.6,0,0,0,0,0,1,0.0295
n02281406,sulphur butterfly,1300,0.6,0,0,0,0,0,1,0.0384
n02326432,hare,1300,0.6,0,0,0,0,0,1,0.04
n02389026,sorrel,1300,0.6,0,0,0,0,0,1,0.0355
n02395406,hog,1300,0.6,0,0,0,0,0,1,0.0306
n02397096,warthog,1300,0.6,0,0,0,0,0,1,0.0353
n02486410,baboon,1300,0.6,0,0,0,0,0,1,0.0324
n02493509,titi,1300,0.6,0,0,0,0,0,1,0.0351
n02494079,squirrel monkey,1300,0.6,0,0,0,0,0,1,0.0327
n03404251,fur coat,1300,0.6,0,0,0,0,0,1,0.0384
n03854065,organ,1300,0.6,0,0,0,0,0,1,0.0338
n06596364,comic book,1300,0.6,0,0,0,0,0,1,0.0373
n07695742,pretzel,1300,0.6,0,0,0,0,0,1,0.034
n07717410,acorn squash,1300,0.6,0,0,0,0,0,1,0.031
n07747607,orange,1300,0.6,0,0,0,0,0,1,0.056
n07753275,pineapple,1300,0.6,0,0,0,0,0,1,0.0352
n07860988,dough,1300,0.6,0,0,0,0,0,1,0.036
n07873807,pizza,1300,0.6,0,0,0,0,0,1,0.0323
n10565667,scuba diver,1300,0.4,0,1,0,0,0,0,0.0639
n02108000,EntleBucher,1300,0.0,0,0,0,0,0,0,0.0355
